proposal_no	date_submitted	title	sponsor	prime_sponsor	Authors	credit	first	total	theme
19-0055	2018-12-18	"""Design and Development of Cardiovascular Performance Simulation Platform (CPSP)"""	National Science Foundation		Susan A Mengel	0.33	60276.81	198000.0	
19-0067	2018-11-15	"""CNS Core: Small: Collaborative: Vehicular Communication Assisted Evacuation Planning, Disseminating, and Querying for Smooth Acceleration of Mandatory Hurricane Evacuation"""	National Science Foundation		Sunho Lim	1.0	93281.0	281947.0	Disaster / Resilience / Evacuation
19-0258	2018-11-15	"""Consistent Hashing in Deep Storage Architecture"""	National Science Foundation		Yong Chen,Jiang Zhou	1.0	107537.0	201702.0	Software / Systems
19-0259	2018-11-15	"""SHF: A Generative Framework for Dynamic Moving Target Defense"""	National Science Foundation		Akbar Siami Namin	1.0	173708.0	499998.0	Cybersecurity
19-0277	2019-01-01	"""AnthroVI: A Human-centric Approach Towards Prioritization of Infrastructure Recovery"""	National Science Foundation		Fang Jin	0.15	38050.35	97503.75	Human-centered / Social / Anthropology
19-0289	2018-12-03	"""SaTC: TTP: Small: Transitioning Research to the Practice of Automatically Measuring One''s Phishing Susceptibility from Publicly Available Information"""	National Science Foundation		Akbar Siami Namin	0.45	74269.8	224597.25	Cybersecurity
19-0291	2018-11-15	"""III: Small: Craving Analytics and Risk Evaluations (CARE): Personalized Opioid Addiction Intervention for Collegiate Recovery"""	National Science Foundation		Rattikorn Hewett,Fang Jin	0.7000000000000001	149491.3	75000.0	Healthcare / Biomedical
19-0298	2019-02-06	"""NRT-HDR: Data Analytics in Convergence Research of Wildlife, Environmental, and Computational Sciences and Engineering"""	National Science Foundation		Abdul Serwadda	0.16	106985.44	480000.0	Environment & Agriculture
19-0334	2018-12-19	"""A Meta-Modeling Approach for Modeling Security Failure-Tolerant Requirements"""	National Science Foundation		Eonsuk Shin	1.0	105232.0	308559.0	Cybersecurity
19-0345	2019-01-10	"""Theoretical design of metal halide mixtures for facile ammonia absorption/desorption cycles and experimental verification"""	National Science Foundation		Yu Zhuang	0.33	42408.3	164960.73	Materials & Chemistry
19-0401	2019-01-14	"""Foundation of Learning Computing in a STEM context through Logic Programming"""	National Science Foundation		Michael Gelfond,Yuanlin Zhang	0.6299999999999999	191484.09000000003	44994.3	Education & Workforce Development
19-0405	2019-01-15	"""FMitF: Track II: CLRT: Continuous Time Lagrangian Reachability Tool"""	National Science Foundation		Ariful Ariful Islam	1.0	82544.0	99999.0	Robotics & CPS
19-0446	2019-01-30	"""Scientific Computing meets Machine Learning and Life Sciences"""	National Science Foundation		Rattikorn Hewett	0.25	8750.0	8750.0	AI / Machine Learning
19-0519	2019-02-19	"""An Answer Set Programming Approach to Adaptable Clinical Practice Guideline Based Decision Support"""	NIH - National Library of Medicine		Michael Gelfond,Yuanlin Zhang	1.0	159544.0	92124.5	AI / Machine Learning
19-0524	2019-02-19	"""ADT: From Hate Speech to Hate Crime: Phase Space Embedding and Multiscale Geometric Data Fusion"""	National Science Foundation		Tommy Dang	0.33	47496.9	96977.43	AI / Machine Learning
19-0527	2019-02-25	"""QCIS-FF: Quantum Computing Capability in West Texas"""	National Science Foundation		Rattikorn Hewett,Abdul Serwadda,Yu Zhuang	0.52	126284.6	149955.4	Quantum
19-0531	2019-02-28	"""AccelNet: Catalytic Steps towards a Network of Networks for Long-Term Collaborations in Data Security Research for Resource-Constrained IoT Devices"""	National Science Foundation		Yu Zhuang	1.0	181652.0	511997.0	Networking & Communications
19-0698	2019-04-01	"""Multi-Source Data Fusion"""	AVX Aircraft	United States Department of Defense	Tommy Dang	0.1	10699.0	30000.0	Data / Metadata / Scientific Data
19-0735	2019-05-01	"""Digitizing agriculture on the West Texas prairie: STEM computing in rural high schools"""	National Science Foundation		Sunho Lim	0.15	46992.45	157865.25	Education & Workforce Development
19-0742	2019-06-10	"""OIA: Promoting American leadership through balanced engagement: Managing risks before they turn into crises"""	United States Department of State		Fang Jin	0.1	10921.3	36228.2	Policy / Governance / Risk
19-0775	2019-06-01	"""Maintenance Remaining Useful Life Validator Application for Rotorcraft-Automated Component Tracking"""	AVX Aircraft	United States Department of Defense	Tommy Dang	0.45	134999.55	134999.55	Sensors / IoT / Edge
19-0789	2019-05-08	"""HDR TRIPODS: Bidirectional Data Collection and Data Science"""	National Science Foundation		Yong Chen,Ariful Ariful Islam	0.16999999999999998	254999.83000000002	29999.98	Data / Metadata / Scientific Data
19-0823	2019-05-15	"""OIA:SitS NSF UKRI: Building a soil health monitoring and assessment system integrating sensor networks and big data"""	National Science Foundation		Yong Chen,Tommy Dang	0.1	27035.2	40000.0	Environment & Agriculture
19-0851	2019-05-28	"""QLCI-CG: Towards a Common Challenge Theme for Quantum Computing in the South Plains"""	National Science Foundation		Rattikorn Hewett	0.25	25454.0	25454.0	Quantum
19-0864	2019-05-31	"""Software-Defined Networking for Research on Defending Ubiquitous Cyberattacks and Enhancing Mobile Network Capabilities in 5G Era"""	DOD - Office of Naval Research		Sunho Lim,Eonsuk Shin	1.0	65693.0	39415.8	Networking & Communications
19-0925	2019-06-25	"""Action Languages for Story Understanding in an Explainable and Transparent Fashion"""	University of Nebraska Omaha	National Science Foundation	Michael Gelfond,Yuanlin Zhang	1.0	86407.0	107023.0	AI / Machine Learning
19-0945	2019-07-18	"""I/UCRC: Cloud and Autonomic Computing I/UCRC site at Texas Tech University (CAC@TTU)"""	National Science Foundation		Yong Chen	0.9	125698.5	125698.5	Software / Systems
19-0968	2019-07-01	"""Phase II IUCRC Texas Tech University:Center for Cloud and Autonomic Computing"""	National Science Foundation		Yong Chen,Tommy Dang,Susan A Mengel	0.55	55000.55	125000.0	Software / Systems
19-1051	2019-07-17	"""NWI: CAREER: Development of Data-Driven Framework for Hurricane Disaster Resilience"""	National Science Foundation		Fang Jin	0.8	75977.6	440000.0	Disaster / Resilience / Evacuation
19-1054	2019-07-17	"""CAREER: End-User Security Augmentation Through Behavior Profiling"""	National Science Foundation		Abdul Serwadda	1.0	90728.0	482383.0	Cybersecurity
19-1122	2019-08-19	"""Economics: Forecasting Income Inequality Using Deep Panel Data Analysis"""	National Science Foundation		Akbar Siami Namin	1.0	221753.0	641879.0	AI / Machine Learning
19-1128	2019-08-02	"""A Logic Programming Approach to Integrate Computing with Middle School Science Education"""	National Science Foundation		Yuanlin Zhang	0.6	19680.0	19680.0	Education & Workforce Development
19-1136	2019-08-14	"""Consistent Hashing in Deep Storage Architecture"""	National Science Foundation		Jiang Zhou	1.0	77846.0	159214.0	Software / Systems
19-1156	2019-08-14	"""CRII: CHS: Human-machine analytics for visual recommendation"""	National Science Foundation		Tommy Dang	1.0	80140.0	174547.0	AI / Machine Learning
19-1165	2019-11-11	"""Intelligent Visual Analytics for Energy Aware Security of Advanced Manufacturing"""	University of Texas at San Antonio 743	United States Department of Energy	Lin Chen,Tommy Dang,Rattikorn Hewett,Abdul Serwadda,Zhenkai Zhang	0.76	228000.0	107999.88	Visualization / Analytics
20-0012	2019-09-06	"""SCC-PG: Enhancing Asthma Management and Infrastructure through Sensing, Computation, and Community Engagement"""	National Science Foundation		Tommy Dang,Rattikorn Hewett,Abdul Serwadda	0.85	127500.85	45000.3	Healthcare / Biomedical
20-0040	2019-09-26	"""Automatically Measuring Phishing Victim Susceptibility from Publicly Available Information"""	DOD - Office of Naval Research		Akbar Siami Namin	0.45	113749.2	353129.4	Cybersecurity
20-0070	2019-09-27	"""QCIS-FF: Quantum Computing Capability in West Texas"""	National Science Foundation		Rattikorn Hewett,Abdul Serwadda	0.55	131712.35	299879.6	Quantum
20-0144	2019-10-08	"""CPS: Small: Integrated Reconfigurable Control and Moving Target Defense for Cyber-Physical Systems"""	Vanderbilt University	National Science Foundation	Zhenkai Zhang	1.0	6000.0	6000.0	Robotics & CPS
20-0191	2019-10-23	"""Knowledge Representation Modeling of Missile Defense Tactics, Techniques and Procedures"""	Verus Research	DOD-Missile Defense Agency	Richard G Watson	1.0	31974.0	43089.0	Defense / Security
20-0192	2019-10-16	"""Design and evaluation of a wrist motion-based smart toothbrush system"""	NIH - National Center for Research Resources		Abdul Serwadda	0.9	193014.0	352728.9	Healthcare / Biomedical
20-0194	2019-10-31	"""CDS&E: Fast Search of Growing High-Dimensional Big Data to Enable Data-Driven Scientific Studies"""	National Science Foundation		Yu Zhuang	0.8	82160.8	597739.2	Data / Metadata / Scientific Data
20-0229	2019-11-14	"""CHS: Small: A Multi-Modal Scientific Content Analysis for Real Time Deception Detection Using Psychological Features"""	National Science Foundation		Akbar Siami Namin	0.4	73965.2	199999.6	AI / Machine Learning
20-0233	2019-10-31	"""CRII: AF: Polynomial time approximation schemes subexponential in the parameter"""	National Science Foundation		Lin Chen	1.0	59765.0	59765.0	Algorithms / Theory / Optimization
20-0238	2019-11-14	"""A Learning-Based Device Driver Synthesis System"""	National Science Foundation		Fang Jin,Zhenkai Zhang	1.0	85353.0	125579.0	Software / Systems
20-0240	2019-12-05	"""AnthroRI: A Human-centric Approach Towards Prioritization of Infrastructure Recovery"""	DOC Economic Development Administration		Fang Jin	0.1	21834.8	50001.0	Human-centered / Social / Anthropology
20-0257	2019-11-14	"""CISE:IIS:III: Multi-Source Heterogeneous Information Fusion and Knowledge Learning with Crowdsourcing"""	National Science Foundation		Victor Sheng	1.0	210545.0	494737.0	Data / Metadata / Scientific Data
20-0259	2019-11-14	"""CISE:IIS:CHS:Toward Data Processing in Crowdsourcing Systems"""	National Science Foundation		Victor Sheng	1.0	187077.0	495732.0	Data / Metadata / Scientific Data
20-0286	2019-11-14	"""Collaborative Research: CNS Core: Small: A Novel Framework of Road Communication Optimized for Congestion-minimal Hurricane Evacuation"""	National Science Foundation		Sunho Lim	1.0	92836.0	282820.0	Disaster / Resilience / Evacuation
20-0294	2019-11-14	"""AF: Small: Tractable classes of integer programming - structures, algorithms and applications"""	National Science Foundation		Lin Chen	1.0	181363.0	499445.0	Algorithms / Theory / Optimization
20-0298	2019-11-14	"""Collaborative Research: RI: Small: Online Electoral Manipulation: Models, Detection and Defenses"""	National Science Foundation		Lin Chen	1.0	106635.0	254090.0	Cybersecurity
20-0310	2019-11-14	"""CHS core: Small: Human-machine analytics for visual recommendation"""	National Science Foundation		Tommy Dang	1.0	91716.0	187492.0	AI / Machine Learning
20-0329	2019-11-19	"""Security of Multiparty Computation in an Economic-driven Multiagent System"""	DOD - Defense Advanced Research Projects Agency		Lin Chen	1.0	249832.0	784972.0	Cybersecurity
20-0365	2019-12-11	"""SCH: INT: Real-Time Intoxication Monitoring and Diagnosis"""	National Science Foundation		Fang Jin	0.7	178910.9	672513.1	Healthcare / Biomedical
20-0368	2019-12-11	"""Smart Home Real-Time Multi-Abnormal Detection with A Radio Sensing Network"""	National Science Foundation		Fang Jin,Victor Sheng	0.5	130840.0	108709.8	Sensors / IoT / Edge
20-0390	2019-12-12	"""Preparing Future Quantum Computing Scientists and Engineers: Assessment and Evidence-based Instructional Instruments"""	National Science Foundation		Yuanlin Zhang	0.25	33593.5	74967.75	Education & Workforce Development
20-0411	2020-01-09	"""CCRI:Planning:Collaborative Research:Key Technologies of Blockchain for IoT"""	National Science Foundation		Lin Chen,Zhenkai Zhang	1.0	20000.0	10000.0	Blockchain & Privacy
20-0430	2020-01-13	"""AI Augmented Learning of Abstraction"""	National Science Foundation		Michael Gelfond,Yuanlin Zhang	1.0	179120.0	39594.0	Education & Workforce Development
20-0454	2020-01-13	"""Intelligent visual framework for analyzing chemical measurement data"""	National Science Foundation		Tommy Dang	1.0	50000.0	50000.0	Visualization / Analytics
20-0488	2020-01-28	"""ASAP: AI innovations for Sustainable Agricultural Production"""	New Mexico State University	National Science Foundation	Michael Gelfond	1.0	31257.0	161723.0	Environment & Agriculture
20-0509	2020-02-06	"""NRT-HDR: Convergence Research of Wildlife, Environmental, and Computational Sciences and Engineering"""	National Science Foundation		Abdul Serwadda	0.2	131171.0	600000.0	Environment & Agriculture
20-0530	2020-01-30	"""AI Institute: Planning: A Research and Practice Hub of Self-Aware Data"""	National Science Foundation		Fang Jin,Victor Sheng,Akbar Siami Namin	0.5	125953.5	74965.5	AI / Machine Learning
20-0632	2020-03-16	"""Collaborative Research: AnthroRI: A Human-centric Approach Towards Prioritization of Infrastructure Recovery"""	National Science Foundation		Fang Jin	0.2	39382.4	85832.4	Human-centered / Social / Anthropology
20-0637	2020-02-20	"""NSF Student Travel Support for the 2020 IEEE International Conference on Data Mining (ICDM 2020)"""	National Science Foundation		Victor Sheng	1.0	24000.0	24000.0	Education & Workforce Development
20-0683	2020-03-09	"""FW-HTF-RM: A Human-Machine Hybrid Learning System for UAV-based Agricultural Remote Sensing"""	National Science Foundation		Victor Sheng	0.5	244554.0	576452.0	Robotics & CPS
20-0712	2020-03-25	"""ATD: Deep Learning for Predicting Political Coercive Violence Around Election Periods Across Africa"""	National Science Foundation		Tommy Dang	0.33	49368.66	155572.56	AI / Machine Learning
20-0721	2020-03-27	"""Efficient and Privacy Preserving Blockchain Infrastructure for Highway Transportation and Freight Management"""	UT-Rio Grande	United States Department of Transportation	Lin Chen	1.0	40000.0	80000.0	Blockchain & Privacy
20-0743	2020-03-25	"""Optimal resource allocation for threat detection through dynamic behavior analysis"""	National Science Foundation		Lin Chen,Tommy Dang	0.8	226629.6	296402.4	Algorithms / Theory / Optimization
20-0787	2020-06-16	"""SaTC: CORE: Small: Leveraging Physical Side-Channel Information to Build Detection-Based Rowhammer Defenses"""	National Science Foundation		Zhenkai Zhang	1.0	126782.0	335877.0	Cybersecurity
20-0845	2020-04-27	"""CALL: Computing for All through Literacy"""	National Science Foundation		Yuanlin Zhang	1.0	106221.0	262433.0	Education & Workforce Development
20-0924	2020-05-20	"""SitS: A sensor network and big data system for monitoring an agroecosystem transitioning from irrigated to dryland farming"""	National Science Foundation		Yong Chen	0.1	46010.6	119999.9	Environment & Agriculture
20-0929	2020-05-15	"""Science FAIR: FAIR Data Management for Scientific AI Applications"""	United States Department of Energy		Yong Chen	1.0	125000.0	375000.0	Data / Metadata / Scientific Data
20-0938	2020-05-29	"""SaTC: CORE: Medium: Towards Secure Lightweight Physical Unclonable Functions for Resource-Constrained Internet-of-Things"""	National Science Foundation		Zhenkai Zhang,Yu Zhuang	1.0	204835.0	254705.2	Cybersecurity
20-1016	2020-06-05	"""FMSG:The Framework of Software Defined Manufacturing Infrastructure and its Key Technologies"""	UT-Rio Grande	National Science Foundation	Lin Chen	0.5	31831.0	68238.5	Manufacturing / Advanced Manufacturing
20-1023	2020-06-08	"""SenSE: Early Diagnostics of ADHD among Children with Multimodal Sensors"""	National Science Foundation		Victor Sheng	0.45	134407.35	337499.55	Healthcare / Biomedical
20-1031	2020-06-03	"""Development of Metadata Search Methods for Hierarchical Data Format version 5 (HDF5) Data from Experimental and Observational Science Facilities"""	The Regents of the University of California Lawrence Berkeley Natl Lab	DOE-Lawrence Berkeley National Laboratory	Yong Chen	1.0	59999.0	59999.0	Data / Metadata / Scientific Data
20-1056	2020-06-17	"""Forecasting Domestic Terrorism: Using Hate Crime Incidents Clusters to Identify Potential Domestic Terrorism Organizations Activity"""	United States Department of Homeland Security		Tommy Dang	0.33	67763.52	135880.14	AI / Machine Learning
20-1093	2020-07-01	"""SaTC: CORE: Medium: Commonsense Reasoning for Comprehending Cyber Attacks and their Immediate Consequences to End-Users"""	National Science Foundation		Akbar Siami Namin	0.55	166153.35	659999.45	Cybersecurity
20-1110	2020-07-14	"""Computeracy for All: Integrating Computing and Literacy"""	Spencer Foundation		Yuanlin Zhang	1.0	181802.0	499997.0	Education & Workforce Development
20-1132	2020-07-16	"""Artificial intelligence enabled self-dental care system for the elderly"""	DHHS National Institutes of Health		Abdul Serwadda	0.8	172169.6	315315.2	Healthcare / Biomedical
20-1141	2020-07-16	"""FACT-AI: Crop Growth Monitoring using Remote Sensing and Artificial Intelligence at Field and Regional Scales"""	USDA-NIFA Cooperative State Research Ed & Extension Service		Fang Jin	0.3	93026.1	291522.0	Environment & Agriculture
20-1184	2020-08-04	"""Preparing Future Quantum Computing Scientists and Engineers: Assessment and Evidence-based Instructional Instruments"""	National Science Foundation		Yuanlin Zhang	0.25	33705.25	74817.25	Education & Workforce Development
20-1205	2020-08-11	"""CAREER: Charge Hacking: Assessing the Privacy Threats Posed by Public Smart Phone Charging Hubs"""	National Science Foundation		Abdul Serwadda	1.0	92129.0	489550.0	Cybersecurity
20-1207	2020-08-04	"""Project iChemistry: AI Augmented Learning of Chemistry"""	National Science Foundation		Yuanlin Zhang	0.5	53868.0	114977.0	Education & Workforce Development
20-1219	2020-08-26	"""REU Site: Research Experiences in Computing-Enabled Proactive Countermeasures to Disasters for Public Health and Safety"""	National Science Foundation		Sunho Lim,Victor Sheng,Eonsuk Shin,Yuanlin Zhang	0.9	112847.40000000001	116833.2	Education & Workforce Development
20-1247	2020-08-18	"""Economics: Forecasting the Impacts of COVID-19 on Income Inequality"""	National Science Foundation		Akbar Siami Namin	1.0	127671.0	198015.0	AI / Machine Learning
20-1276	2020-08-20	"""Adaptive Difficulty for Maximum Attention: Predicting and Preventing Mind-Wandering Within an Adaptive Learning System to Improve STEM Learning"""	University of Memphis	Dof Ed - Institute of Education Science	Bashir Iqbal Morshed	1.0	48990.0	170491.0	Education & Workforce Development
21-0001	2020-09-10	"""A unified virtual approach to Data Science integrating AI, math, statistics and beyond"""	United States Department of Education		Yuanlin Zhang	1.0	989038.0	3996485.0	Education & Workforce Development
21-0025	2020-09-15	"""Communication Support for the Speech-Impaired"""	Sony Electronics Inc		Abdul Serwadda	1.0	100000.0	100000.0	Healthcare / Biomedical
21-0033	2020-09-15	"""A Public Map-Aware Framework for Expediting Drone-Aided Post Disaster Rescue"""	Sony Electronics Inc		Sunho Lim	1.0	99989.0	99989.0	Robotics & CPS
21-0063	2020-10-05	"""AF: Small: Integer programming of a block structure -- algorithms and applications"""	National Science Foundation		Lin Chen	1.0	140059.0	482619.0	Algorithms / Theory / Optimization
21-0084	2020-10-07	"""LogicDS: Fostering Virtual Data Science Learning with Mathematical Logic for Rural High School Students"""	National Science Foundation		Victor Sheng,Yuanlin Zhang	1.0	349893.0	476886.9	Education & Workforce Development
21-0090	2020-11-03	"""Promoting Flu Vaccination via Social Media. Building Machine Learning Models for Social Listening and Virality"""	DHHS National Institutes of Health		Victor Sheng	0.2	49638.8	79702.4	AI / Machine Learning
21-0097	2020-10-05	"""Collaborative Research: AF: Small: Interdicting Combinatorial Optimization Problems with Applications in Security and Healthcare"""	National Science Foundation		Lin Chen	1.0	108349.0	349971.0	Algorithms / Theory / Optimization
21-0132	2020-11-06	"""CPS: Small: Inkjet Printed Flexible Electronic CPS with Context-aware Events of Interest Detection"""	National Science Foundation		Bashir Iqbal Morshed	1.0	11325.0	430531.0	Sensors / IoT / Edge
21-0144	2020-10-26	"""CDS&E: Fast Search of Growing High-Dimensional Big Data to Enable Accurate Semiclassical Molecular Dynamics Studies of Large Molecular Systems"""	National Science Foundation		Yu Zhuang	1.0	87226.0	278348.0	Data / Metadata / Scientific Data
21-0146	2020-10-28	"""Frameworks: DAVinci: An Integrated Data Collection, Automation, and Visualization Framework for High Performance Computing Systems"""	National Science Foundation		Yong Chen,Tommy Dang	0.7	518085.4	931860.0	Software / Systems
21-0208	2020-11-12	"""HCC: Medium: A Multi-Methods Scientific Content Analysis for Real Time Deception Detection Using Psychological and Acoustic Features"""	National Science Foundation		Akbar Siami Namin	0.4	117365.2	480000.0	AI / Machine Learning
21-0230	2020-11-06	"""iAlgebra: A Logic and Computing Assisted Algebra Nation"""	Bill and Melinda Gates Foundation		Yuanlin Zhang	0.5	49822.5	49822.5	Education & Workforce Development
21-0245	2020-11-12	"""Empowering Scientific Dataset Discovery through Self-contained, Semantic, and Linked Metadata Search"""	National Science Foundation		Yong Chen	1.0	263498.0	879798.0	Data / Metadata / Scientific Data
21-0286	2020-11-23	"""I-Corps: Defensive charging for mobile devices"""	National Science Foundation		Abdul Serwadda	1.0	50000.0	50000.0	Cybersecurity
21-0295	2020-12-03	"""Category II: Demonstrating Advanced Renewable Energy Use for Sci-entific Computing (DAREUS)"""	National Science Foundation		Yong Chen,Tommy Dang	0.4	2000000.0	1000000.0	Environment & Agriculture
21-0339	2020-12-14	"""Intelligent visual framework for analyzing chemical measurement data"""	Gordon and Betty Moore Foundation		Tommy Dang	1.0	224989.0	660781.0	Visualization / Analytics
21-0355	2021-01-01	"""OIA; Data Science to Uncover Deep Structures and Sustainable Health Solutions"""	DHHS National Institutes of Health		Victor Sheng	0.4	140000.0	699728.8	Data / Metadata / Scientific Data
21-0362	2021-01-08	"""Decentralized Digital Forensic Infrastructure and Key Supporting Technologies"""	UT-Rio Grande	DOD Army Research Office	Lin Chen	1.0	126563.0	640468.0	Blockchain & Privacy
21-0427	2021-02-02	"""Preparing Future Quantum Computing Scientists and Engineers: An Evidence-based Approach"""	National Science Foundation		Yuanlin Zhang	0.25	33272.5	75000.0	Education & Workforce Development
21-0437	2021-01-26	"""NSF INCLUDES Alliance: Tomorrow''s Women in STEM Today (TWIST)"""	Florida International University	National Science Foundation	Rattikorn Hewett	0.6	239928.6	1259570.4	Education & Workforce Development
21-0476	2021-02-10	"""Personalized and Intelligent Visual Chemical Analysis Framework (PIVCAF)"""	National Science Foundation		Tommy Dang	1.0	155019.0	248976.0	Visualization / Analytics
21-0478	2021-02-02	"""Collaborative Research: Project iChemistry: AI Augmented Learning of Chemistry"""	National Science Foundation		Yuanlin Zhang	0.5	53747.0	114622.5	Education & Workforce Development
21-0487	2021-02-16	"""Collaborative Research: IIS Core: Small : Event Detection and Knowledge Extraction via Learning and Causality Analysis for Resilience Emergency Response"""	National Science Foundation		Rattikorn Hewett	0.4	35336.0	109980.4	AI / Machine Learning
21-0500	2021-02-24	"""SCC-IRG Track 2: Smart-Health Integrated Framework and Topology (SHIFT)"""	National Science Foundation		Tommy Dang,Bashir Iqbal Morshed	0.8500000000000001	459555.9	75000.0	Healthcare / Biomedical
21-0512	2021-02-10	"""Collaborative Research: Project CALL: Computing for All through Literacy"""	National Science Foundation		Yuanlin Zhang	1.0	105725.0	259930.0	Education & Workforce Development
21-0517	2021-02-03	"""Phase-II IUCRC Texas Tech University: Center for Cloud and Autonomic Computing"""	National Science Foundation		Yong Chen	1.0	200000.0	200000.0	
21-0526	2021-07-01	"""Simulation and Machine Learning to Optimize Sequencing in General Assembly"""	General Motors Corporation		Lin Chen,Yong Chen	0.5	181202.5	115969.6	Manufacturing / Advanced Manufacturing
21-0538	2021-02-18	"""BE-PAL: A Behavior Personal Assistant To Improve Student Classroom Behavior, Academic Performance, and Learning and Teaching Experiences"""	University of Memphis	Dof Ed - Institute of Education Science	Bashir Iqbal Morshed	1.0	158866.0	499988.0	Education & Workforce Development
21-0548	2021-02-24	"""SCC-IRG Track 2: Improving Community Resilience through an AI-guided Platform for Precise Prediction and Real-time Communication of COVID-19 Risks"""	George Washington University	National Science Foundation	Akbar Siami Namin	1.0	111802.0	305153.0	Disaster / Resilience / Evacuation
21-0560	2021-02-16	"""Planning Grant: Engineering Research Center for HydrOgen generation and production from PEtroleum reservoirs (HOPE)"""	National Science Foundation		Victor Sheng	0.2	19999.8	19999.8	Energy / Environment
21-0564	2021-03-04	"""Solider Information Interface for Aviation Fleet Management Tool (FLEETSPACE)"""	AVX Aircraft	DOD Army	Tommy Dang	0.4	123271.2	123271.2	Defense / Security
21-0593	2021-03-24	"""NRT-HDR: Convergence Research of Wildlife, Environmental, and Computational Sciences and Engineering"""	National Science Foundation		Abdul Serwadda	0.2	129946.6	600000.0	Environment & Agriculture
21-0641	2021-04-19	"""DASS: Reframing Software Engineering: Evolutionary and Accountable Systems"""	National Science Foundation		Sunho Lim,Eonsuk Shin	0.5	112808.5	187499.75	Software / Systems
21-0702	2021-03-26	"""FW-HTF-R: Integrating Human Cognition, Social Capital, and Diffusion Strategies into the Future Crowdsourcing Platform"""	National Science Foundation		Victor Sheng	0.3	158194.2	663224.7	Human-centered / Social / Anthropology
21-0713	2021-03-25	"""Understanding and Controlling Power Consumption of GPUs towards Energy Efficient HPC Systems"""	The Regents of the University of California Lawrence Berkeley Natl Lab	DOE-Lawrence Berkeley National Laboratory	Yong Chen	1.0	35000.0	35000.0	Software / Systems
21-0725	2021-04-01	"""Software Tool Development to Advance Post-market Surveillance of High-risk Facilities and Products"""	TConneX Inc	DHHS National Institutes of Health	Victor Sheng	1.0	198971.0	622241.0	Data / Metadata / Scientific Data
21-0887	2021-05-07	"""Collaborative Research: CNS Core: Small: Towards Enabling High Efficient and Secure Containerization in Edge Devices"""	National Science Foundation		Zhenkai Zhang	1.0	77493.0	250000.0	Software / Systems
21-0891	2021-05-14	"""Collaborative Research: FMSG: The Framework of Software Defined Manufacturing Infrastructure and its Key Technologies"""	UT-Rio Grande	National Science Foundation	Lin Chen	1.0	51258.0	111250.0	Manufacturing / Advanced Manufacturing
21-0934	2021-05-20	"""Validating JWST''s in-orbit clock accuracy"""	Space Telescope Science Institute	National Aeronautics and Space Administration	Tommy Dang	0.34	44181.3	44181.3	Space / Astronomy
21-0969	2021-06-11	"""Secure On-The-Move Additive Manufacturing (SOTMAM)"""	University of Texas at San Antonio 743	United States Department of Energy	Tommy Dang	0.22	55000.0	55000.0	Manufacturing / Advanced Manufacturing
21-1034	2021-06-11	"""Energy Baselining, Optimization and Security Augmentation of an Oil Refinery"""	University of Texas at San Antonio 743	United States Department of Energy	Rattikorn Hewett,Abdul Serwadda	0.63	126000.0	72000.0	Energy / Environment
21-1038	2021-06-17	"""AI Capability at the Edge (ACE) for Medical Response to Weapons of Mass Destruction (WMD) Threats"""	Vivonics, Inc	United States Department of Defense	Bashir Iqbal Morshed	1.0	50000.0	50000.0	Sensors / IoT / Edge
21-1112	2021-07-26	"""CAREER: Fine-grained polynomial time approximation schemes -- a hierarchy based on approximation precision"""	National Science Foundation		Lin Chen	1.0	130310.0	661539.0	Algorithms / Theory / Optimization
21-1116	2021-07-14	"""Culturally Informed Pain Assessment Technology to Reduce Health Disparities in Underserved Populations"""	National Science Foundation		Sunho Lim,Eonsuk Shin	0.4	49943.6	50000.0	Healthcare / Biomedical
21-1127	2021-07-14	"""Situational Context Detection with Edge-computing RT-AI in Smart Devices"""	Facebook		Bashir Iqbal Morshed	1.0	100000.0	100000.0	Sensors / IoT / Edge
21-1150	2021-07-21	"""Collaborative Research: Project iChemistry: Improve Chemistry Learning Through Explicit Use of Deductive Reasoning"""	National Science Foundation		Yuanlin Zhang	0.4	27866.0	91850.8	Education & Workforce Development
21-1157	2021-07-21	"""Collaborative Research: IUSE: EHR: AI Education for All through Coherent Integration of Foundational Concepts into Core Courses"""	National Science Foundation		Susan A Mengel,Sumaiya Shomaji	1.0	81228.0	40000.0	Education & Workforce Development
21-1171	2021-07-26	"""CAREER: Personalized Visual Analytics of High-dimensional Data"""	National Science Foundation		Tommy Dang	1.0	106111.0	563587.0	Visualization / Analytics
21-1209	2021-08-25	"""REU Site: Interdisciplinary Research Experiences to Mitigate Disaster Challenges for the Socioeconomically Disadvantaged"""	National Science Foundation		Sunho Lim,Victor Sheng,Eonsuk Shin	0.52	65423.28	77941.8	Education & Workforce Development
21-1219	2021-08-27	"""iDataScience: an abstraction-based online personalized approach to data science learning"""	United States Department of Education		Yuanlin Zhang	1.0	948301.0	3999893.0	Education & Workforce Development
21-1225	2021-08-17	"""Technology Roadmap of Software-defined Manufacturing Infrastructure"""	UT-Rio Grande	DOC - National Institute of Standards and Technology	Lin Chen	1.0	23065.0	23065.0	Manufacturing / Advanced Manufacturing
21-1229	2021-08-25	"""Collaborative Research: CNS Core: Small: Fundamentals of Ultra-Dense Wireless Networks with Generalized Repulsion"""	National Science Foundation		Lu Wei	1.0	118384.0	293229.0	Networking & Communications
21-1246	2021-08-24	"""CISE:IIS:III:Core:Small: Multi-Source Heterogeneous Information Fusion and Interactive Learning within Crowdsourcing"""	National Science Foundation		Rattikorn Hewett,Victor Sheng	1.0	152178.0	249919.5	Data / Metadata / Scientific Data
21-1267	2021-08-27	"""Phase-II IUCRC Texas Tech University: Center for Cloud and Autonomic Computing"""	National Science Foundation		Yong Chen	1.0	27999.0	27999.0	
21-1270	2021-08-27	"""Phase II IUCRC Texas Tech University:Center for Cloud and Autonomic Computing"""	National Science Foundation		Yong Chen	1.0	49999.0	49999.0	Software / Systems
22-0047	2021-09-15	"""End-User Security Augmentation Through Behavior Profiling"""	Sony Electronics Inc		Abdul Serwadda	1.0	100000.0	100000.0	Cybersecurity
22-0058	2021-10-08	"""Collaborative Research: Fostering Virtual Learning of Data Science Foundations with Mathematical Logic for Rural High School Students"""	National Science Foundation		Victor Sheng,Yuanlin Zhang	0.85	364304.05	289021.8	Education & Workforce Development
22-0088	2021-12-08	"""Collaborative:RI: Small: Toward the creation of a large-scale action library and its use for reasoning about effects of actions and causes and explanations of events"""	University of Nebraska Omaha	National Science Foundation	Michael Gelfond,Yuanlin Zhang	1.0	52083.0	82481.0	AI / Machine Learning
22-0111	2021-10-11	"""AccelNet-Design: Network-of-Networks for AI-assisted COVID Severity Detection Towards FW-HTF"""	National Science Foundation		Bashir Iqbal Morshed	1.0	125428.0	250000.0	Networking & Communications
22-0143	2021-10-18	"""Collaborative Research: AAA: AI Augmented Learning of Abstraction"""	National Science Foundation		Michael Gelfond,Victor Sheng,Yuanlin Zhang	0.85	190240.2	26710.15	Education & Workforce Development
22-0147	2021-10-18	"""Assessing Competencies for an EHR Enhanced Simulation Program (EHR-ESP: GO-DIGITAL)"""	Texas Tech University Health Sciences Center	American Nurses Foundation	Rattikorn Hewett,Ying Liu,Tara Thaer Salman,Victor Sheng	1.0	184808.0	142875.0	Healthcare / Biomedical
22-0149	2021-10-25	"""Monitoring of cardiac disease severity using a novel AI beat-wise classifier on a wearable device"""	NIH - National Institute of Neurological Disorders		Bashir Iqbal Morshed	1.0	412725.0	412725.0	Healthcare / Biomedical
22-0239	2021-11-10	"""SCH: Flexible and Disposable Inkjet-Printed Thin-film Wearable Electronics for Smart Health"""	National Science Foundation		Bashir Iqbal Morshed	1.0	183035.0	999948.0	Sensors / IoT / Edge
22-0314	2022-07-11	"""Inkjet-Printed Flexible Lightweight Supercapacitor for High Density Energy Storage"""	National Science Foundation		Bashir Iqbal Morshed	0.9	153665.1	450000.0	Materials & Chemistry
22-0318	2021-12-10	"""AF: Small: Integer programming of a block structure with applications in renewable energy scheduling and multi-agent systems"""	National Science Foundation		Lin Chen	0.8	99517.6	363464.8	Algorithms / Theory / Optimization
22-0320	2022-01-20	"""Estimation of entanglement and circuits complexity as resources for quantum computing"""	DOE-Office of Science		Lu Wei	1.0	166590.0	749997.0	Quantum
22-0354	2022-02-01	"""Real-Time Automatic Tuning of Model Predictive Control with Reinforcement Learning for Battery Systems in Power Grids"""	National Science Foundation		Yong Chen	0.25	39138.0	121894.5	Robotics & CPS
22-0373	2021-12-21	"""Collaborative Research: SHF: Medium: Redefining Metadata Search for Scientific Dataset Discovery"""	National Science Foundation		Yong Chen	1.0	182645.0	630534.0	Data / Metadata / Scientific Data
22-0378	2022-01-25	"""SaTC: CORE: Small: A Minimal Overhead Approach to Securing Lightweight Physical Unclonable Functions for Resource-Constrained IoT Devices"""	National Science Foundation		Yu Zhuang	1.0	190399.0	563346.0	Cybersecurity
22-0390	2022-03-30	"""SaTC: Core: Medium: Predicting Consequences of Cyber Attacks Through Commonsense Reasoning"""	National Science Foundation		Akbar Siami Namin	0.55	168446.85	660000.0	
22-0438	2022-01-19	"""Collaborative Research: Project iChemistry: Improve Chemistry Learning Through Explicit Use of Deductive Reasoning"""	National Science Foundation		Yuanlin Zhang	0.64	44528.0	146328.32	Education & Workforce Development
22-0467	2022-02-04	"""FLEETSPACE Operations Planning Decision Tool"""	AVX Aircraft	DOD Army	Tommy Dang	0.4	43050.8	87071.6	Algorithms / Theory / Optimization
22-0486	2022-02-01	"""Collaborative Research: Enhancing the Security of Autonomous Microgrid Controller with Customized Blockchain System"""	National Science Foundation		Lin Chen	0.37	65696.09	133668.79	Blockchain & Privacy
22-0554	2022-02-17	"""TERRA: Towards a Culture of Responsible Legal and Ethical Research and Scholarly Journal Assessment in the Global Environment"""	National Science Foundation		Victor Sheng	0.13	16777.67	51947.09	Human-centered / Social / Anthropology
22-0622	2022-05-25	"""SCC-IRG Track 2: Scalable Framework for Smart and Connected Community Health"""	National Science Foundation		Tommy Dang,Bashir Iqbal Morshed	1.0	525666.0	74999.95	Healthcare / Biomedical
22-0628	2022-03-29	"""BCSER: ABCS: Understanding Abstraction as a Base for Integrating Computing and STEM Learning"""	National Science Foundation		Yuanlin Zhang	1.0	69161.0	350000.0	Education & Workforce Development
22-0636	2022-03-25	"""Collaborative Research: CNS Core: Small: Fundamentals of Ultra-Dense Wireless Networks with Generalized Repulsion"""	National Science Foundation		Lu Wei	1.0	48001.0	48001.0	Networking & Communications
22-0641	2022-03-31	"""AF: Small: Scheduling and matrix discrepancy via additive number theory"""	National Science Foundation		Lin Chen	1.0	162569.0	600000.0	Algorithms / Theory / Optimization
22-0654	2022-04-04	"""Design Chemicals to Enhance Oil Recovery Based on the Knowledge from Machine Learning"""	The Camille and Henry Dreyfus Foundation		Victor Sheng	0.5	28899.0	59568.0	Materials & Chemistry
22-0719	2022-05-02	"""Data Refinement and Reduction for Aviation Sustainment (DRRAS)"""	AVX Aircraft	DOD Army	Tommy Dang	0.25	85911.75	131242.75	Data / Metadata / Scientific Data
22-0721	2022-04-22	"""I-Corps: A Platform to Automatically Measure Users Susceptibility to Social Engineering Attacks"""	National Science Foundation		Akbar Siami Namin	0.55	27500.0	27500.0	Cybersecurity
22-0726	2022-04-22	"""Intelligent Visual Analytics for Energy Aware Security of Advanced Manufacturing"""	University of Texas at San Antonio 743	United States Department of Energy	Tommy Dang,Rattikorn Hewett	0.6	96000.0	40000.0	Visualization / Analytics
22-0735	2022-05-02	"""Soldier Information Interface for Aviation Fleet Management Tool (FLEETSPACE Integration & Test)"""	AVX Aircraft	DOD Army	Tommy Dang	0.3	69213.6	101990.7	Defense / Security
22-0847	2022-05-20	"""ExpandQISE: Track1: Quantum Entanglement Estimation: Theory and Applications"""	National Science Foundation		Lu Wei	1.0	270440.0	800000.0	Quantum
22-0879	2022-06-03	"""FLEETSPACE Development and Integration"""	AVX Aircraft		Tommy Dang	1.0	162304.0	200797.0	Defense / Security
22-0910	2022-06-23	"""Entanglement estimation based quantum algorithm analysis"""	DOE-Office of Science		Lu Wei	1.0	199945.0	400000.0	Quantum
22-0921	2022-08-11	"""Fast Dataset Discovery using Self-contained, Semantic, and Linked Metadata Search"""	DOE-Office of Science		Yong Chen	1.0	300000.0	900000.0	Data / Metadata / Scientific Data
22-0978	2022-07-20	"""Collaborative Research: Track: Engaged Student Learning: Qubits are the New Bits: A Practical Approach to Enable Quantum Computing Education for All"""	National Science Foundation		Rattikorn Hewett,Lu Wei	1.0	96114.0	14200.0	Education & Workforce Development
22-0984	2022-06-29	"""Driving Carbon-Neutral Future through Growth in Renewables Integration and Decarbonization"""	Case Western Reserve University	United States Department of State	Rattikorn Hewett	1.0	184813.0	557415.0	Energy / Environment
22-0994	2022-07-20	"""Evidence-based Materials for Teaching Quantum Information Science and Technology"""	National Science Foundation		Yuanlin Zhang	0.25	34031.25	74847.75	Education & Workforce Development
22-1058	2022-07-27	"""CAREER: Personalized Visual Analytics of High-dimensional Data"""	National Science Foundation		Tommy Dang	1.0	116647.0	619893.0	Visualization / Analytics
22-1079	2022-08-02	"""Phase-II IUCRC Texas Tech University: Center for Cloud and Autonomic Computing"""	National Science Foundation		Yong Chen	1.0	199216.0	199216.0	
22-1084	2022-08-31	"""Center for Next Generation Convergent Transportation Safety (C-NGCTS)"""	United States Department of Transportation		Rattikorn Hewett	0.03	120000.0	120000.0	Disaster / Resilience / Evacuation
22-1098	2022-08-12	"""Toward Privacy-Preserving Representation Learning for Text-Associated Networks with Simplicial Complexes"""	United States Department of Defense		Victor Sheng	1.0	189165.0	799860.0	Privacy / Machine Learning
22-1177	2022-08-30	"""Phase-II IUCRC Texas Tech University: Center for Cloud and Autonomic Computing"""	National Science Foundation		Yong Chen	1.0	50001.0	50001.0	
23-0013	2022-09-06	"""NRT-HDR: Data Science Application to Convergent Research in Environmental Science, Computer Science, and Engineering"""	National Science Foundation		Abdul Serwadda	0.16	65790.88	480000.0	Environment & Agriculture
23-0021	2022-09-06	"""Collaborative Research: Fostering Virtual Learning of Data Science Foundations with Mathematical Logic for Rural High School Students"""	National Science Foundation		Victor Sheng,Yuanlin Zhang	0.85	44051.25	7773.75	Education & Workforce Development
23-0034	2022-09-16	"""Entanglement estimation: theory, algorithms, and NISQ-level verification"""	DOE-Office of Science		Lu Wei	1.0	380096.0	1199015.0	Quantum
23-0045	2022-09-14	"""Drone Helps Privacy: Quantifying Sky Privacy"""	Sony Electronics Inc		Sunho Lim	1.0	99999.0	99999.0	Privacy / Policy
23-0066	2022-09-15	"""Investigating Privacy Issues of Wearable Brain Sensing"""	Sony Electronics Inc		Abdul Serwadda	1.0	100000.0	100000.0	Privacy / Ethics
23-0120	2022-10-06	"""Building an innovation and demonstration program of AI-enabled climate-smart precision agriculture systems"""	USDA-NIFA Cooperative State Research Ed & Extension Service		Victor Sheng	0.08	113739.04	320000.0	Environment & Agriculture
23-0176	2022-10-17	"""Collaborative Research: BitLearn: Incentivizing Fluency by Building a Blockchain-based Economy of Teaching and Learning"""	National Science Foundation		Lin Chen	1.0	29143.0	199911.0	Blockchain & Privacy
23-0203	2022-10-25	"""AI for Automated Cardiac Disease Detection from Existing Clinical EKG Tracing Printouts to Improve Rural Healthcare"""	NIH - National Heart Lung and Blood Institute		Bashir Iqbal Morshed	1.0	140947.0	412724.0	Healthcare / Biomedical
23-0208	2022-11-10	"""FET: Small: Entanglement Estimation for Quantum Computing"""	National Science Foundation		Lu Wei	1.0	103257.0	320057.0	Quantum
23-0221	2022-11-04	"""AF: Small: Parameterized and Approximation Algorithms for Integer Programming with a Few Global Variables and Constraints"""	National Science Foundation		Lin Chen,Abdul Serwadda	1.0	193881.0	519270.0	Algorithms / Theory / Optimization
23-0317	2022-12-07	"""SaTC: CORE: Small: Development of Adaptable and Secure Connectors for Dynamic Adaptation of Secure Software Architectures"""	National Science Foundation		Eonsuk Shin	1.0	192447.0	586172.0	Cybersecurity
23-0326	2022-12-01	"""Capacity Building for AI-driven Research and Education on UAS Applications in Precision Agriculture"""	USDA-NIFA Cooperative State Research Ed & Extension Service		Victor Sheng	0.1	28197.4	74999.9	Education & Workforce Development
23-0331	2022-12-05	"""Enabling Fast Ab Initio Simiclassical Molecular Dynamics Simulations with Temporal-Information-based Space Domain Machine Learning"""	Welch Foundation, The Robert A		Yu Zhuang	1.0	100000.0	300000.0	AI / Machine Learning
23-0403	2022-12-14	"""Simulation and Machine Learning to Optimize Sequencing in General Assembly"""	General Motors Corporation		Tommy Dang	0.5	179502.5	179502.5	Manufacturing / Advanced Manufacturing
23-0431	2022-12-22	"""Collaborative Research: CPS: Medium: Multimodal Attachable Passive Patch Sensor (MAPPS) System for Epileptic Seizure Detection and Prediction for CPS Health"""	National Science Foundation		Bashir Iqbal Morshed	1.0	182799.0	629000.0	Sensors / IoT / Edge
23-0458	2023-02-16	"""Collaborative Research: SaTC: CORE: Small: Analytical Models for Conversational Social Engineering Attacks"""	National Science Foundation		Akbar Siami Namin	0.55	131692.55	440000.0	Cybersecurity
23-0613	2023-03-06	"""SaTC: CORE: Small: A Hierarchal Privacy-Preserving Robust Blockchain-based Federated Learning Paradigm"""	National Science Foundation		Tianxi Ji,Tara Thaer Salman	1.0	174487.0	119910.4	
23-0652	2023-02-18	"""Developing an antimicrobial resistance dashboard for rural and regional-based veterinary practices"""	USDA - Animal and Plant Health Inspection Service		Tianxi Ji	0.3	52460.1	52460.1	Healthcare / Biomedical
23-0669	2023-02-27	"""Development of Machine Learning-Enhanced Analysis Tools for Parkinson''s Disease"""	NIH - National Library of Medicine		Victor Sheng	1.0	130449.0	439101.0	Healthcare / Biomedical
23-0679	2023-03-14	"""Resources estimation for quantum computing: Theory and NISQ-level verification"""	DOE-Office of Science		Lu Wei	1.0	178202.0	874988.0	Quantum
23-0710	2023-03-30	"""FW-HTF-RM: Future of Firefighters-Transforming to Next-Generation All-hazards Responders (NGARs)"""	National Science Foundation		Tommy Dang	0.12	37011.12	119919.36	
23-0720	2023-03-16	"""DESC: Type I: Enabling Longevity for Lightweight IoT Security Protocols"""	National Science Foundation		Yu Zhuang	1.0	210516.0	599847.0	Cybersecurity
23-0731	2023-04-07	"""Entanglement Estimation for Quantum Computing: Theory, Algorithms, and NISQ-level Verification"""	DOE-Office of Science		Lu Wei	1.0	281388.0	763250.0	Quantum
23-0824	2023-05-11	"""Assessing and Enhancing Resilience in U.S. Agriculture: Tackling Natural Disaster, Biosecurity, and Cybersecurity Risks"""	USDA-NIFA Cooperative State Research Ed & Extension Service		Akbar Siami Namin	0.05	18933.95	18933.95	Environment & Agriculture
23-0828	2023-05-01	"""Intelligent Visual Analytics for Energy Aware Security of Advanced Manufacturing"""	University of Texas at San Antonio 743	United States Department of Energy	Tommy Dang	0.25	13333.25	13333.25	Visualization / Analytics
23-0840	2023-05-04	"""Center for CyberSecurity of Integrated Exposure Sensing and Response Technologies (CIERTO)"""	United States Department of Defense		Sunho Lim,Susan A Mengel,Bashir Iqbal Morshed,Abdul Serwadda,Victor Sheng,Akbar Siami Namin,Yu Zhuang	0.81	1666506.15	1200000.0	Cybersecurity
23-0845	2023-06-15	"""Music Informatics for Radio Across the GlobE (MIRAGE)"""	National Endowment for the Humanities		Tommy Dang	0.4	15672.4	29991.2	AI / Machine Learning
23-0863	2023-04-25	"""Phase-II IUCRC Texas Tech University: Center for Cloud and Autonomic Computing"""	National Science Foundation		Yong Chen	1.0	51656.0	51656.0	
23-0865	2023-04-25	"""Phase-II IUCRC Texas Tech University: Center for Cloud and Autonomic Computing"""	National Science Foundation		Yong Chen	1.0	279720.0	279720.0	
23-0946	2023-05-11	"""RESEARCH STRATEGY for UFHCC Artificial Intelligence Supplement Proposal"""	University of Florida		Victor Sheng	1.0	9000.0	9000.0	AI / Machine Learning
23-0956	2023-06-14	"""Noninvasive in vivo ultrasound Scholte wave elastography for skin cancer diagnosis and staging"""	Cancer Prevention and Research Institute of Texas (CPRIT)		Victor Sheng	0.15	51182.25	152365.2	Healthcare / Biomedical
23-1006	2023-06-07	"""Data Refinement and Reduction for Aviation Sustainment (DRRAS) Phase III"""	AVX Aircraft	DOD Army	Tommy Dang	0.25	47259.75	74870.5	Data / Metadata / Scientific Data
23-1023	2023-08-31	"""NeTS: FET: Small: Enhancing Connectivity in Quantum-Enabled Networks for Secure Data and Communications"""	National Science Foundation		Ying Liu	1.0	103748.0	332519.0	Quantum
23-1041	2023-06-09	"""Role of variants on signal peptide of nephrin regulator protein in glomerulus disease"""	Texas Tech University Health Sciences Center	Pediatric Nephrology Research Consortium (PNRC)	Tommy Dang	1.0	12000.0	12000.0	Healthcare / Biomedical
23-1117	2023-07-07	"""Education DCL: EAGER: Developing A Cyber-Aerial Computing Curriculum for Improving Sky-of-Privacy-Things Education through a Modular-Based Integrated Framework"""	National Science Foundation		Sunho Lim	0.5	73285.0	149724.0	Education & Workforce Development
23-1146	2023-07-10	"""Explore novel blood biomarkers for the management of hemorrhagic strokes"""	Texas Tech University Health Science Center at El Paso	NIH - National Institute of Neurological Disorders	Victor Sheng	1.0	75347.0	75347.0	Healthcare / Biomedical
23-1169	2023-08-11	"""Developing and Testing Innovations [DTI]: Collaborative Research: Flying with purposes - Navigating socioscientific issues with drone technology in K-12 STEM education"""	National Science Foundation		Sunho Lim	0.35	103859.35	358367.1	Education & Workforce Development
23-1170	2023-07-19	"""To validate candidate biomarkers differentiating racial disparities in triple-negative breast cancer (TNBC)"""	Texas Tech University Health Science Center at El Paso	DOD - US Army Medical Research and Development Command	Victor Sheng,Yu Zhuang	1.0	141407.0	77797.5	Healthcare / Biomedical
23-1185	2023-07-26	"""CAREER: Intelligent Mobile Edge Caching"""	National Science Foundation		Jingjing Yao	1.0	211857.0	691690.0	Networking & Communications
23-1187	2023-07-25	"""Career: Fine-grained exact and approximation algorithms via additive number theory"""	National Science Foundation		Lin Chen,Abdul Serwadda	1.0	63345.0	497703.9	Algorithms / Theory / Optimization
23-1192	2023-08-01	"""AI Across the Curriculum for Virtual Schools"""	The Concord Consortium, Inc	United States Department of Education	Victor Sheng,Yuanlin Zhang	1.0	189247.0	240000.0	Education & Workforce Development
23-1262	2023-09-01	"""USAID Employment Pathways for Youth"""	United States Agency for Intl Devpt		Victor Sheng	0.16	518466.72	1918547.36	Education & Workforce Development
23-1294	2023-08-17	"""Phase-II IUCRC Texas Tech University: Center for Cloud and Autonomic Computing"""	National Science Foundation		Yong Chen	1.0	50000.0	50000.0	
23-1329	2023-08-29	"""Real-time Decision Making Support for Crowd Protection with AI-based Optimization"""	Kent State University	United States Department of Homeland Security	Lin Chen	1.0	29537.0	29537.0	AI / Machine Learning
23-1334	2023-08-01	"""Career: Leveraging Extended Reality to Improve Attention in Older Adults"""	National Science Foundation		Tommy Dang	0.03	3603.75	17256.72	Education & Workforce Development
23-1338	2023-08-31	"""Personal Drone-Assisted Privacy Preserving Strategies for Enhancing Cyber-Aerial Security and Border Protection"""	Oak Ridge Associated Universities Inc	United States Department of Homeland Security	Sunho Lim	1.0	100000.0	100000.0	Privacy / Security
24-0030	2023-09-15	"""Drone-Swarm Testbed with Edge-Computing AI for Collaborative Intelligent CPS"""	DOD Army Research Lab		Bashir Iqbal Morshed,Tara Thaer Salman	1.0	521091.0	468981.9	Robotics & CPS
24-0063	2023-10-12	"""Transforming Crop Water Stress Monitoring and Irrigation Scheduling using Edge Computing, Unmanned Vehicles and AI Technologies"""	USDA-NIFA Cooperative State Research Ed & Extension Service		Jingjing Yao	0.4	83968.4	260000.0	Environment & Agriculture
24-0106	2023-09-27	"""REU-Site: CCF-DMS-REU-DCL: Interdisciplinary Frontier of Computational, Mathematical, and Statistical Research for Computer Science Students"""	National Science Foundation		Lin Chen,Tianxi Ji,Tara Thaer Salman,Lu Wei	1.0	148653.0	89637.4	Education & Workforce Development
24-0145	2023-09-29	"""SaTC: EDU: CyberEd Adaptation: Addressing the Opportunities and Challenges of Large Language Models in Cybersecurity Education and Assessment"""	National Science Foundation		Abdul Serwadda	0.75	125934.75	375000.0	Education & Workforce Development
24-0166	2023-09-28	"""Acquisition Support in Answering Problems and Questions (ASAP-Questions)"""	Joint Strategic Technologies	DOD Air Force	Yuanlin Zhang	1.0	40490.0	40490.0	Software / Systems
24-0172	2023-10-05	"""Beefing up Genomic Data Sharing with Interpretable Privacy, Robust Traceability, Optimal Utility, and Verifiable Integrity"""	DHHS National Institutes of Health		Tianxi Ji	1.0	392083.0	1888732.0	Blockchain & Privacy
24-0201	2023-10-11	"""Towards Precision Nutrition with Explainable Artificial Intelligence"""	CUNY Graduate School of Public Health and Health Policy	NIH - Nutrition for Precision Health	Victor Sheng	1.0	124461.0	124461.0	AI / Machine Learning
24-0273	2023-11-02	"""Promoting Water Conservation with Precision Irrigation Technology through On-Farm Trials: Addressing Agronomic and Socioeconomic Challenges in a Semiarid Region"""	USDA - Natural Resources Conservation Service		Victor Sheng	0.1	113292.7	381199.0	Environment & Agriculture
24-0289	2023-10-18	"""Category II: REPACSS: Empowering Scientific Discovery through Renewable Energy Powered Advanced Computing Systems and Services"""	National Science Foundation		Yong Chen,Tommy Dang,Susan A Mengel,Yu Zhuang	0.5	2500000.0	1000000.0	Energy / Environment
24-0324	2023-11-17	"""Seismo-accoustic and Particle Physics Modeling and Simulation Code Interfaces"""	Consolidated Nuclear Security, LLC	DOE-Pantex	Yu Zhuang	1.0	85261.0	268919.0	Scientific Computing
24-0335	2024-03-19	"""Collaborative Research: CPS: Medium: RUI: AI-powered Autonomous Drone Swarm Sensing and Computing for Crop Disease Detection"""	National Science Foundation		Jingjing Yao	0.5	150503.0	413193.0	Robotics & CPS
24-0344	2023-12-01	"""Research and Workforce Development in the area of Cybersecurity"""	DOD Army Research Lab		Tommy Dang,Abdul Serwadda	0.34	425457.64	425000.0	Education & Workforce Development
24-0376	2023-12-08	"""SaTC: CORE: Small: Discovery of Defective Security Spots in Smart Contracts"""	National Science Foundation		Eonsuk Shin	1.0	205879.0	599849.0	Cybersecurity
24-0389	2024-10-01	"""SaTC: CORE: Small: Rearchitecting Internet File Sharing to Counter Deepfakes"""	National Science Foundation		Tara Thaer Salman,Abdul Serwadda	1.0	195606.0	119999.4	Cybersecurity
24-0399	2023-12-20	"""PFI-TT: The Next Generation of Risk Assessment Platforms for Intelligent Monitoring and Detecting Vulnerability"""	National Science Foundation		Akbar Siami Namin	1.0	277452.0	549998.0	Sensors / IoT / Edge
24-0500	2024-01-17	"""Flipped Learning for Enhanced Project-Based Learning in Cyber-Aerial Computing: Privacy Protection and Security Enhancement"""	National Science Foundation		Sunho Lim	0.35	37143.4	137148.9	Education & Workforce Development
24-0508	2024-01-24	"""An AI-Powered Code Assistant for Programming Course Education with Large Language Models"""	National Science Foundation		Victor Sheng	1.0	308229.0	899645.0	Education & Workforce Development
24-0523	2024-01-24	"""Towards Identify Disparities and Predict Risk Factors for Opioid Use Disorder with Machine Learning"""	DHHS National Institutes of Health		Victor Sheng	1.0	469925.0	469925.0	Healthcare / Biomedical
24-0537	2024-02-02	"""Responsible AI in the Future of Work"""	National Humanities Center	Google Inc	Yuanlin Zhang	0.25	5000.0	5000.0	Human-centered / Social / Anthropology
24-0538	2024-02-01	"""Developing a global stimulus set for music perception and cognition research"""	National Science Foundation		Tommy Dang	0.5	87961.5	192280.5	AI / Machine Learning
24-0572	2024-02-01	"""Decoding the pathogenic contribution of Nephrin Regulatory Gene Mutations in pediatric Minimal Change Disease (MCD) and Focal Segmental Glomerulosclerosis (FSGS)"""	Texas Tech University Health Sciences Center	DHHS National Institutes of Health	Tommy Dang	1.0	103169.0	322193.0	Healthcare / Biomedical
24-0610	2024-02-07	"""FET: Small: Entanglement Estimation for Quantum Computing"""	National Science Foundation		Lu Wei	1.0	18000.0	30000.0	Quantum
24-0646	2024-02-22	"""Education DCL: EAGER: Developing A Cyber-Aerial Computing Curriculum for Improving Sky-of-Privacy-Things Education through a Modular-Based Integrated Framework"""	National Science Foundation		Sunho Lim	0.5	10000.0	10000.0	Education & Workforce Development
24-0659	2024-02-26	"""Development of Machine Learning-Enhanced Analysis Tools for Parkinson''s Disease"""	DHHS National Institutes of Health		Victor Sheng	1.0	156876.0	469550.0	Healthcare / Biomedical
24-0763	2024-07-12	"""Collaborative Research: SaTC: Medium: Identifying Behavior Sequences that Determine Vishing Attack Success"""	National Science Foundation		Akbar Siami Namin	0.45	162813.6	452250.0	Cybersecurity
24-0772	2024-03-25	"""DDoSGuard: Developing Topology-Driven Software Tools and Educational Resources for DDoS Attack Detection and Mitigation in Next-Generation Networks"""	Center for Internet Security, Inc		Ying Liu	1.0	67612.0	154137.0	Networking & Communications
24-0853	2024-04-26	"""Theme 3: AIFUSION-X - AI Fusion with eXpertise from Deep Neural Networks, Generative Models, and Specialized Systems"""	Arizona State University	National Science Foundation	Yuanlin Zhang	0.8	91509.6	480000.0	AI / Machine Learning
24-0856	2024-05-01	"""CISE-MSI: DP: Explainable computer vision models for low-quality images in critical infrastructure sectors"""	Sam Houston State University	National Science Foundation	Tommy Dang	1.0	36894.0	114071.0	AI / Machine Learning
24-0904	2024-05-01	"""Collaborative Research: CISE MSI: RDP: RI: SeaSniff Grid: Autonomous Flying E-Nose Grid for Real-time Sea Water Quality Monitoring"""	National Science Foundation		Jingjing Yao	1.0	112193.0	150000.0	Environment & Agriculture
24-0948	2024-05-01	"""Visualization of the vehicle sequencing"""	General Motors Corporation		Tommy Dang	1.0	74906.0	74906.0	Visualization / Analytics
24-0949	2024-05-03	"""A Hierarchal Decentralized and Private Paradigm for Federated Learning"""	Qatar University	Qatar Research, Development and Innovation Council	Tara Thaer Salman	1.0	37832.0	89907.0	Privacy / Machine Learning
24-0952	2024-05-15	"""Collaborative Research: SRS RN: HEART NETWORK: HUMAN-CENTRIC ENVIRONMENTAL ADAPTATION AND RESILIENT TRANSFORMATION NETWORK"""	National Science Foundation		Tommy Dang	0.06	90533.94	450000.0	Human-centered / Social / Anthropology
24-0989	2024-05-20	"""Augmenting AMR dashboards with strict confidentiality, robust trackability, high utility, and verifiable integrity"""	USDA - Animal and Plant Health Inspection Service		Tianxi Ji	0.5	130118.5	130118.5	Blockchain & Privacy
24-0994	2024-05-23	"""Acquisition Support in Answering Problems and Questions (ASAP-Questions) - Phase II"""	Joint Strategic Technologies	DOD Air Force	Yuanlin Zhang	1.0	464945.0	496582.0	Software / Systems
24-0995	2024-05-16	"""Phase-II IUCRC Texas Tech University: Center for Cloud and Autonomic Computing"""	National Science Foundation		Yong Chen	1.0	90000.0	90000.0	
24-1048	2024-06-11	"""Unveiling the Role of CCM Proteins in Tumorigenesis: An Innovative AI-Driven Bioinformatics Analysis Approach"""	Cancer Prevention and Research Institute of Texas (CPRIT)		Victor Sheng	1.0	349054.0	1038859.0	Healthcare / Biomedical
24-1106	2024-07-23	"""CAREER: From Bipartite to Multipartite Entanglement Estimation"""	National Science Foundation		Lu Wei	1.0	108630.0	587559.0	Quantum
24-1107	2024-07-03	"""Beefing up Genomic Data Sharing with Interpretable Privacy, Robust Traceability, Optimal Utility, and Verifiable Integrity"""	DHHS National Institutes of Health		Tianxi Ji	1.0	391592.0	1892807.0	Blockchain & Privacy
24-1120	2024-06-27	"""Category II: REPACSS: Empowering Scientific Discovery through Renewable Energy Powered Advanced Computing Systems and Services"""	National Science Foundation		Yong Chen,Tommy Dang,Susan A Mengel,Yu Zhuang	0.5	499999.5	199999.8	Energy / Environment
24-1154	2024-07-08	"""SkyDecoy: Personal Drone-Assisted Privacy-Preservation and Cybertactical Strategies in Sky-of-Privacy-Things"""	Samsung Electronics Co. Ltd		Sunho Lim	1.0	150000.0	150000.0	Privacy / Security
24-1161	2024-07-19	"""Career: Modeling, Designing, and Analyzing Connectivity for Robust Link-Layer Protocols in Quantum Memory Networks"""	National Science Foundation		Ying Liu	1.0	109604.0	590335.0	
24-1168	2024-07-16	"""Querying the Cold War Lens: Digitizing US Foreign Policy Documents for an AI-Driven Reference Tool"""	National Endowment for the Humanities		Abdul Serwadda	0.25	12499.75	12499.75	Digital Humanities / NLP
24-1183	2024-07-16	"""LIGHT: LogIc and Gen AI based learning enHancement assistanT"""	Google Inc		Yuanlin Zhang	1.0	63369.0	100000.0	Education & Workforce Development
24-1185	2024-07-24	"""CAREER: Secure, Robust, and Efficient Federated Learning Framework for Internet of Medical Things"""	National Science Foundation		Tara Thaer Salman	0.9	112482.9	537390.0	Privacy / Machine Learning
25-0025	2024-10-03	"""Collaborative Research: SCH: Inkjet-printed Flexible Epidermal Electronic Lab-on-a-patch (iFEEL) for Disease Detection and Prediction"""	National Science Foundation		Bashir Iqbal Morshed	1.0	116938.0	700002.0	Sensors / IoT / Edge
25-0041	2024-09-12	"""III: Small: Algorithms and Methodologies for Detecting and Analyzing Contextual Causalities in Time Series Data"""	National Science Foundation		Akbar Siami Namin	1.0	189913.0	600000.0	AI / Machine Learning
25-0121	2024-10-01	"""SaTC: EDU: Revitalizing the Cybersecurity Classroom through Collaborative and Challenge-Based Learning"""	National Science Foundation		Abdul Serwadda	1.0	170823.0	399986.0	Education & Workforce Development
25-0187	2024-10-07	"""MFAI: Algorithms for Building Economic and Financial Volatility Models in Reinforcement Learning for Modeling and Prediction of Highly Volatile Time Series"""	National Science Foundation		Akbar Siami Namin	1.0	328571.0	1000000.0	AI / Machine Learning
25-0208	2024-11-15	"""SaTC: Core: Small: The Best of Three Worlds: Efficient, Privacy- and Utility-Preserving Empirical Risk Minimization"""	National Science Foundation		Tianxi Ji	1.0	163572.0	467245.0	Privacy / Machine Learning
25-0221	2024-10-10	"""Transforming Crop Water Stress Monitoring and Irrigation Scheduling using Edge Computing, Unmanned Vehicles and AI Technologies"""	USDA-NIFA Cooperative State Research Ed & Extension Service		Jingjing Yao	0.4	98326.0	260000.0	Environment & Agriculture
25-0256	2024-10-15	"""CSR: Small: AeroGuide: UAV-Based AR Caching System for Dynamic Crowd Management"""	National Science Foundation		Jingjing Yao	1.0	135564.0	365378.0	Robotics & CPS
25-0283	2024-10-24	"""Decoding the pathogenic contribution of Nephrin Regulatory Gene Mutations in pediatric Minimal Change Disease (MCD) and Focal Segmental Glomerulosclerosis (FSGS)"""	Texas Tech University Health Sciences Center	DHHS National Institutes of Health	Tommy Dang	1.0	91498.0	285223.0	Healthcare / Biomedical
25-0314	2024-11-05	"""AI-proofing Homework for Enhanced Learning: A New Paradigm for STEM Education"""	National Science Foundation		Tommy Dang,Abdul Serwadda	0.8999999999999999	264459.6	179999.8	Education & Workforce Development
25-0319	2024-11-15	"""Developing a Multi-Scale Phenotyping Framework Integrating Machine Learning for Crop Water Stress Assessment"""	USDA-NIFA Cooperative State Research Ed & Extension Service		Jingjing Yao	0.2	34237.4	60000.0	Environment & Agriculture
25-0345	2024-11-05	"""An AI-Powered Code Assistant for Programming Course Education with Large Language Models"""	National Science Foundation		Victor Sheng	1.0	309725.0	896374.0	Education & Workforce Development
25-0367	2024-11-14	"""DSFAS: Data Science Enhanced Climate-Smart Agriculture for Southern Great Plains"""	USDA-NIFA Cooperative State Research Ed & Extension Service		Victor Sheng	0.7	144074.0	453193.3	Environment & Agriculture
25-0408	2024-12-11	"""HumainTech AI Center of Texas Tech University"""	National Endowment for the Humanities		Abdul Serwadda	0.05	8693.0	24999.9	AI / Machine Learning
25-0417	2024-12-13	"""SaTC 2.0: RES: Secure Recovery Connectors for Self-Healing of Distributed Applications"""	National Science Foundation		Eonsuk Shin	1.0	197823.0	573199.0	Cybersecurity
25-0425	2024-12-02	"""Category II: REPACSS: Empowering Scientific Discovery through Renewable Energy Powered Advanced Computing Systems and Services"""	National Science Foundation		Yong Chen,Tommy Dang,Susan A Mengel,Yu Zhuang	0.5	625000.0	1250000.0	Energy / Environment
25-0429	2024-11-26	"""CRII: RI: Interpretable Framework and Transformative Applications for Viability in Autonomous Agents"""	National Science Foundation		Stas Tiomkin	1.0	105524.0	105524.0	AI / Machine Learning
25-0435	2024-12-19	"""SaTC 2.0: RES: Behavioral Modeling of Resilient AI-Powered Defense Systems Against Polymorphic Malware"""	National Science Foundation		Akbar Siami Namin	1.0	318589.0	1200000.0	Cybersecurity
25-0474	2025-01-27	"""SaTC 2.0: RES: Personal Drone-Assisted Privacy Preservation Strategies in Sky-of-Privacy-Things"""	National Science Foundation		Sunho Lim	1.0	131780.0	357959.0	Privacy / Security
25-0490	2025-01-06	"""CPS: Small: Towards Learnable Time-Sensitive Communication in Multiagent Transportation Systems"""	National Science Foundation		Ying Liu	1.0	155981.0	477062.0	Robotics & CPS
25-0494	2025-01-15	"""IUSE:EDU: Creating An Interdisciplinary Course for Students with Diverse Background/Majors Enhancing Integrative Innovation inAutomation& Industrial Robotics"""	National Science Foundation		Stas Tiomkin	0.08	3887.04	32000.0	
25-0497	2025-01-27	"""Collaborative Research: SaTC 2.0: RES: Beefing up Genomic Data Sharing with Interpretable Privacy, Robust Traceability, Optimal Utility, and Verifiable Integrity"""	National Science Foundation		Tianxi Ji	1.0	177445.0	719685.0	Blockchain & Privacy
25-0525	2025-01-23	"""Building Capacity for AI Health Equity in Alzheimer''s Research"""	University of North Texas Health Science Center	DHHS National Institutes of Health	Victor Sheng	0.6	59893.2	59893.2	Healthcare / Biomedical
25-0539	2025-01-23	"""Geographic music listening: Developing a global stimulus set for music perception and cognition research"""	National Science Foundation		Tommy Dang	0.33	39550.5	131327.79	AI / Machine Learning
25-0574	2025-02-17	"""Artificial Sentinels for Preventive-Action at the Verge of Accidents in Healthcare Facilities"""	CDC National Institute of Occupational Safety and Health	DHHS National Institutes of Health	Stas Tiomkin	1.0	171976.0	331798.0	Sensors / IoT / Edge
25-0579	2025-01-24	"""AIMing: AI-Assisted Scalable Predictive Model Checking"""	National Science Foundation		Akbar Siami Namin	1.0	456215.0	1200000.0	AI / Machine Learning
25-0595	2025-02-07	"""Collaborative:CISE MSI: RDP: SaTC: Securing Remote Work Environments with Context-Aware Zero Trust Framework"""	National Science Foundation		Song Liao	1.0	98223.0	200000.0	Cybersecurity
25-0596	2025-02-07	"""Collaborative Research: CISE MSI: RPEP: CPS: SeaSniff Grid: Autonomous Aerial E-Nose Swarm for Robust and Real-Time Seawater Quality Assessment"""	National Science Foundation		Jingjing Yao	1.0	88454.0	300000.0	Environment & Agriculture
25-0726	2025-02-17	"""Interpretable Deep Learning Models for Early Alzheimer''s Detection and Disease Progression Forecasting"""	NIH - National Institute on Aging		Victor Sheng	1.0	157480.0	314238.0	Healthcare / Biomedical
25-0754	2025-02-25	"""Development of Deep Learning-Enhanced Analysis Tools for Parkinson''s Disease"""	NIH - National Institute on Aging		Victor Sheng	1.0	197077.0	595070.0	Healthcare / Biomedical
25-0755	2025-02-25	"""Uncovering Disparities and Identifying Risk Factors for Opioid Use Disorder with Machine Learning"""	NIH - National Institute on Drug Abuse		Victor Sheng	1.0	197077.0	595070.0	Healthcare / Biomedical
25-0768	2025-02-28	"""A User-friendly Decision-Support Tool for Data-Driven Early Detection and Prevention of Opioid Overdose Risk"""	American Public Health Association		Victor Sheng	0.7	139906.2	139906.2	Healthcare / Biomedical
25-0775	2025-03-14	"""Mapping stream drying in Texas for native fish conservation and management decisions"""	National Aeronautics and Space Administration		Tommy Dang	0.25	58953.25	222833.0	Environment & Agriculture
25-0788	2025-03-04	"""Education DCL: EAGER: Developing A Cyber-Aerial Computing Curriculum for Improving Sky-of-Privacy-Things Education through a Modular-Based Integrated Framework"""	National Science Foundation		Sunho Lim	0.5	10000.0	10000.0	Education & Workforce Development
25-0793	2025-04-04	"""SCC-DG: Robotic Edge-AI Systems for Patrols and Observations in Natural Disasters (RESPOND)"""	National Science Foundation		Bashir Iqbal Morshed	0.9	135000.0	135000.0	Robotics & CPS
25-0837	2025-04-02	"""CICI:IPAAI:SciCyPAI - Data Integrity and Security in Scientific Cyber-Physical Artificial Intelligence Systems Under Indirect Adversarial Attacks"""	National Science Foundation		Tara Thaer Salman,Victor Sheng,Stas Tiomkin	1.0	321421.0	297000.0	Cybersecurity
25-0851	2025-03-25	"""IGE: Track 1: Fertilizing the Next-Gen STEM Workforce through AI-Enhanced Graduate Research Apprenticeships"""	National Science Foundation		Tara Thaer Salman	0.3	47439.6	147729.9	Education & Workforce Development
25-0877	2025-04-02	"""CICI:UCSS:SHIELD: Strengthening High-performance Infrastructure with Enhanced Layered Defense."""	National Science Foundation		Yong Chen,Tianxi Ji,Jie Li,Song Liao	0.85	162976.44999999998	180000.0	Cybersecurity
25-0878	2025-03-26	"""Flipped learning for enhanced project-based learning in cyber-aerial computing: Privacy protection and security enhancement"""	National Science Foundation		Sunho Lim	0.35	7000.0	7000.0	Education & Workforce Development
25-0884	2025-04-28	"""FET: Small: From Bipartite to Multipartite Entanglement Estimation"""	National Science Foundation		Lu Wei	1.0	126506.0	383744.0	Quantum
25-0895	2025-04-07	"""Collaborative Research: Advancing Human-Robot Synergy in Dynamic Environmental Conditions Through Bi-directional Adaptive Feedback Systems"""	National Science Foundation		Jingjing Yao	0.44	56750.76	172778.32	Robotics & CPS
25-0912	2025-04-07	"""Category II: REPACSS: Empowering Scientific Discovery through Renewable Energy Powered Advanced Computing Systems and Services"""	National Science Foundation		Yong Chen,Tommy Dang,Susan A Mengel,Yu Zhuang	0.5	499999.5	199999.8	Energy / Environment
25-1130	2025-05-29	"""Robotics Intelligent Control and Encoderless Tracking for In-Motion Manufacturing Tasks"""	General Motors Corporation		Stas Tiomkin	1.0	1.0	1.0	Robotics & CPS
25-1192	2025-06-30	"""Representation learning oif dynamical systems"""	University of Hertfordshire		Stas Tiomkin	1.0	13000.0	13000.0	AI / Machine Learning
25-1197	2025-06-20	"""Collaborative Research: Wildfire Prediction, Detection, and Response with Digital Twin Enabled Hybrid-AI Models and Federated Learning"""	National Science Foundation		Bashir Iqbal Morshed,Tara Thaer Salman	0.9	523789.2	1110421.6	Disaster / Resilience / Evacuation
25-1261	2025-07-23	"""CAREER: Toward Robust, Hierarchical, and Privacy-Aware Federated Learning"""	National Science Foundation		Tara Thaer Salman	0.9	109099.8	562967.1	Privacy / Machine Learning
25-1288	2025-07-23	"""CAREER: Differential Privacy Meets Random Geometry: Interpretation, Applications, and Trade-offs"""	National Science Foundation		Tianxi Ji	1.0	119197.0	585461.0	Privacy / Machine Learning
25-1305	2025-07-23	"""Career: Advancing Edge Intelligence in Dynamic, Heterogeneous, and Resource-Constrained Environments"""	National Science Foundation		Jingjing Yao	1.0	120031.0	599408.0	Sensors / IoT / Edge
25-1381	2025-08-25	"""Collaborative: VINES: Track 1: An Integrated mmWave Architecture for Intelligent Sensing-Communication in Connected Autonomous Systems"""	National Science Foundation		Wei Wang	1.0	105566.0	300000.0	Networking & Communications
25-1401	2025-08-25	"""Collaborative Research: VINES: Track 1: ANNA: AI-Native Networking Architecture for Resilient Sensing, Communication, and Decision-Making in Adverse Environments"""	National Science Foundation		Wei Wang	1.0	123828.0	348193.0	Networking & Communications
25-1405	2025-08-27	"""Collaborative fault diagnosis for distributed manufacturing: Leveraging structure discovery, data synthesis, and federated learning"""	National Science Foundation		Jingjing Yao	0.5	64274.5	267618.5	Manufacturing / Advanced Manufacturing
26-0023	2025-09-15	"""Semantic Acceleration: A Framework for Scalable Multi-Agent Communication in Next-Generation Networks"""	National Science Foundation		Ying Liu	1.0	85945.0	272433.0	Networking & Communications
26-0026	2025-09-12	"""CRII: CIF: Exploiting, Modeling, and Leveraging Hidden Features in IoT for Efficient and Secure Communication"""	National Science Foundation		Wei Wang	1.0	139527.0	139527.0	Sensors / IoT / Edge
26-0055	2025-09-11	"""CPS-FR: Neuro-symbolic AI Models with Inkjet-Printed Flexible Sensor Pixels for Scalable Cyber-Physical Interfacing"""	National Science Foundation		Bashir Iqbal Morshed	0.9	202671.9	849916.8	AI / Machine Learning
26-0057	2025-09-02	"""Computational Morphological Design of Artificial Vesicles for Targeted Drug Delivery"""	Lyda Hill Philanthropies		Stas Tiomkin	0.5	84656.5	250000.0	Materials & Chemistry
26-0067	2025-09-10	"""SHF: AI-Assisted Scalable Predictive Model Checking"""	National Science Foundation		Akbar Siami Namin	1.0	246356.0	700000.0	AI / Machine Learning
26-0123	2025-09-29	"""SaTC 2.0: RES: Study on digital profiling approach to reconstructing a crime scenario for industrial espionage"""	National Science Foundation		Eonsuk Shin	1.0	197370.0	574866.0	Cybersecurity
26-0125	2025-09-29	"""Collaborative Research: SaTC 2.0: RES: Dynamic Privacy Notice for Consumer Mobile and IoT Systems"""	National Science Foundation		Song Liao	1.0	102878.0	399183.0	Privacy / Machine Learning
26-0126	2025-09-29	"""SaTC 2.0: RES: Improving Privacy-Preserving Learning using Generalized Spherical and Elliptical Distributions"""	National Science Foundation		Tianxi Ji	1.0	122903.0	477830.0	Privacy / Machine Learning
26-0151	2025-10-09	"""Transforming Crop Water Stress Monitoring and Irrigation Scheduling using Edge Computing, Unmanned Vehicles and AI Technologies"""	USDA-NIFA Cooperative State Research Ed & Extension Service		Jingjing Yao	0.4	102502.0	260000.0	Environment & Agriculture
26-0152	2025-09-23	"""SaTC 2.0 : RES : Trustworthy Navigation Under Adversarial Threats : Toward AI-Augmented Robustness"""	National Science Foundation		Wei Wang	1.0	197135.0	564401.0	Cybersecurity
26-0171	2025-10-01	"""Machine learning assisted quantitative ultrasound Scholte wave elatography for noninvasive skin cancer diagnosis"""	DHHS National Institutes of Health		Victor Sheng	0.15	29437.2	117950.7	Healthcare / Biomedical
26-0196	2025-10-02	"""Quantum Undergraduate Education in Semiotics and Technology (QUEST): Building Theory and Preparing the Future STEM Workforce"""	National Science Foundation		Ziwen Pan	1.0	155411.0	499332.0	Quantum
26-0217	2025-10-02	"""Quantum - Building Academic Skills for Employment (Q-BASE): An Exploratory Study of How Students Integrate Physics, Mathematics, and Computer Science in Higher Education"""	National Science Foundation		Ziwen Pan	1.0	160670.0	499597.0	Quantum Education
26-0270	2025-10-20	"""Collaborative Research: CPS-FR: BioSecureTag: Towards Secure, Long-Term Wearable CPS for Biomedical Communication"""	National Science Foundation		Wei Wang	0.5	93027.0	268790.0	Sensors / IoT / Edge
26-0281	2025-10-22	"""Novel Robotic Functionality for Preempting Accidents on the Verge"""	National Science Foundation		Stas Tiomkin	1.0	309626.0	834823.0	Robotics & CPS